timestamp,pubkey,gossip_ip,version,country_code,country_name,is_ofac_sanctioned
2025-12-05T22:15:31.576566,A6vboCdQe3f7trTM5yE7o4Yrpbt5Ar3MGrZEneDWyVP8,64.130.50.140,3.0.6,DE,Germany,False
2025-12-05T22:15:31.576581,ADjyeNzWd8yhEjCVyAqT87eqoyGRbimERQsNhFQcXjop,88.216.198.132,3.0.11,US,United States,False
2025-12-05T22:15:31.576584,AYY1TCe347UZ7zueBmF4MyoFkeEZquRUNVBNoUZiRoew,37.72.171.18,3.0.9,NL,The Netherlands,False
2025-12-05T22:15:31.576587,BBDKghZotn4WE2tE541fvR6faDFKkZKFc1qdmX8BNxi9,64.130.57.211,3.0.6,DE,Germany,False
2025-12-05T22:15:31.576589,5sdpaCd5xjsziCc48qxE6UJg1ycdPoT7XVk5DMSngRK5,45.77.140.22,3.0.8,DE,Germany,False
2025-12-05T22:15:31.576593,6RSgGo9y8NkXidFmt3GX93PnTWLLd8dJCPHJATcoNrWx,64.130.63.237,2.2.7,GB,United Kingdom,False
2025-12-05T22:15:31.576595,HEFnyqqSaV7xWMuLTEsGSmFMzCkaMsU3hVZG9YJWbtE6,204.16.247.72,3.0.6,US,United States,False
2025-12-05T22:15:31.576598,3RXsFmSoV8yHUkaiGZ7yKM4PvFHUaQrhQMbNpzNooh6D,91.237.141.130,3.0.11,GB,United Kingdom,False
2025-12-05T22:15:31.576601,CVgwMrWo9chKEuEPCe6Za9KJe8jamnAcoeWzaMeNubr6,169.155.169.82,3.0.11,DE,Germany,False
2025-12-05T22:15:31.576603,26DnyqAXW9T4Fz4CvBtt7oVGF8a1VPnMszkiXZAiGnrb,5.39.251.205,3.0.10,DE,Germany,False
2025-12-05T22:15:31.576638,5VW96RY2oRwNrSjUq2UxtvDgv5qh4HSNJMssuuyGrmji,64.130.40.58,3.0.6,DE,Germany,False
2025-12-05T22:15:31.576643,4xamjbiMuWSPFxnuCmZoLVDNht1e4ULq9N5qGjtrrdJB,51.38.67.30,3.0.12,GB,United Kingdom,False
2025-12-05T22:15:31.576647,38FGRuxTqsCioSZAZZjcPbWXGKzbYTbBzwjX8aShrgwu,51.89.25.42,3.0.12,GB,United Kingdom,False
2025-12-05T22:15:31.576652,xjWVnTSaUKfXbz6UDwbmxkeGQ67y3XpbiaS5HS7YfCH,138.197.183.251,4.0.0,DE,Germany,False
2025-12-05T22:15:31.576656,2ai1RDoJ1c1kjjDKKMT4Uv4BKqycUfYyDpLYc2tSaNMv,64.31.32.15,3.0.6,JP,Japan,False
2025-12-05T22:15:31.576662,F3837kQQKp6AU6QpratNCX5yjE7BZ3rQaHu9Kef8gisv,141.94.46.42,3.0.7,FR,France,False
2025-12-05T22:15:31.576666,B3FiAubCHnqnyUrFoNzySXQ4FPzK9KkwbGy88wquUc8i,109.94.96.63,3.0.6,DE,Germany,False
2025-12-05T22:15:31.576669,H3vcSN57zcDwbiEPXYf4GtH8ogsMVGxb9F4WzttDvGDD,104.204.141.34,3.1.0,DE,Germany,False
2025-12-05T22:15:31.576672,Ccvedr3qTm1KwWh76eSAMsQh4SuWt2K8RFB5Fm3Sk76W,64.130.40.199,3.0.10,DE,Germany,False
2025-12-05T22:15:31.576674,9GXe6549d8HWMCpwKTGho2ayBjy68fQGUMWny69wrfCg,67.209.54.227,3.0.6,SG,Singapore,False
2025-12-05T22:15:31.576677,F7cn6HQL7k5cfCNy9y1i6tVRaKRwP13Yf5kKM9FBJeYp,2.57.215.180,2.3.8,JP,Japan,False
2025-12-05T22:15:31.576680,FYTwUep4J6VccQVLDHYb1ZftXhbu1cz3ELLmFWfVAw9u,18.183.232.148,2.3.8,JP,Japan,False
2025-12-05T22:15:31.576682,2Qqn7N61qTUDihvdadrtyfCXwqbn7Ezh7MNxxpSXbhPk,64.130.42.185,3.0.11,NL,Netherlands,False
2025-12-05T22:15:31.576684,2Eq6YD8P8QXTeoz9h6JHjgZ55t8RSxNdx4waMDCoPmQU,104.238.220.71,3.0.11,US,United States,False
2025-12-05T22:15:31.576687,2ZRc9dYxmgMKUrf2geUTnWdykiDbcJUGFtTPrV6g9yKa,15.204.46.87,2.3.11,US,United States,False
2025-12-05T22:15:31.576689,SscQkTYV2BFQYGGffAmTzvefrFrw6z9GNYiWHstVZ77,140.82.30.22,3.0.11,US,United States,False
2025-12-05T22:15:31.576692,FVnum5doKLu2mgx1qGrkMwDzfjrLU3d2eLB1WhevayFn,208.115.205.118,3.0.6,US,United States,False
2025-12-05T22:15:31.576694,EAyqaN7wAyuRCTVpzJNjH7LeYjRbCFMHTZxLDHHneaC5,64.130.59.236,3.0.11,US,United States,False
2025-12-05T22:15:31.576697,3HM3VTkoRFjJAnSY45oXY3HPQuVddf25nuNVNBZgoTt6,67.213.119.91,3.0.9,US,United States,False
2025-12-05T22:15:31.576700,6QN3d81pr3HZrANawNsH5yyR8tUjcyrPgZNMJe8J5c7u,44.195.21.166,3.0.6,US,United States,False
2025-12-05T22:15:31.576702,CyC2d6KWYTy4q8yiwgmZcL3fJz4J2mv961j2oFRGy6Sh,64.130.49.131,2.3.7,JP,Japan,False
2025-12-05T22:15:31.576705,FoigPJ6kL6Gth5Er6t9d1Nkh96Skadqw63Ciyjxc1f8H,162.55.199.125,3.0.10,DE,Germany,False
2025-12-05T22:15:31.576707,HMXKouWnjeb4gjH2SC4dPvq94Ex1QzDML3DLatBZkd2w,216.18.204.242,3.0.11,US,United States,False
2025-12-05T22:15:31.576710,5JmvFjQQUb8cdyPktaq949wWHmV9C3CGR7HHDmaUPJqK,74.118.136.228,3.0.6,NL,Netherlands,False
2025-12-05T22:15:31.576712,RLMS1pv3YKi7CSUCKTNcFN5fFkXJc2SmCwPhbQpqZJo,2.57.215.99,0.804.30008,JP,Japan,False
2025-12-05T22:15:31.576714,rxWN5ApiDQEyysQVPVJQSD7fzwttpmwVveZY21CgDMQ,84.32.103.39,3.0.9,NL,The Netherlands,False
2025-12-05T22:15:31.576717,8AChpTfiz72rTygxGspbRK2ZVKAMGTCJT2bMiHt1BLsT,51.75.32.15,3.0.12,PL,Poland,False
2025-12-05T22:15:31.576719,HLk4diSzSsANmv7TMVm1bAZxZDNmAAAqk8jAm5m6jcmR,67.213.113.133,3.0.10,DE,Germany,False
2025-12-05T22:15:31.576722,CrUCPTqT4UvfV6xacKq3FitaC56Ly5fejor7zG8EvRau,185.209.177.195,2.3.8,US,United States,False
2025-12-05T22:15:31.576724,BwTrHCfHCE9QsiErhsL2qpvKfrjCD5GvKmpYcTrhYhDK,38.244.189.199,3.0.0,NL,The Netherlands,False
2025-12-05T22:15:31.576727,3xK9SHiBf2ahwBYu5jDw74FfZTZ6myNV4rWUxiWci7js,141.98.219.101,3.0.7,US,United States,False
2025-12-05T22:15:31.576730,6UhiY437yr7W1jpEkCZuBc4SmUjfW2ALPnFc5wBWB6ek,74.118.142.203,3.0.6,US,United States,False
2025-12-05T22:15:31.576732,71Y77woMmvKemG54XoyoSbVeqMeSD9Eg8Hy2sf5Qc1dG,167.172.179.227,4.0.0,DE,Germany,False
2025-12-05T22:15:31.576735,BaSD92xMT8dzRpF8Tzzh6jb3CJtg8gfarezsc3X1xR3W,64.130.57.124,3.0.6,DE,Germany,False
2025-12-05T22:15:31.576738,7np1trBgYGFJPaQUwDP4vHXewmxsuQk8B6REhLS8VfzM,74.118.143.101,3.0.6,NL,Netherlands,False
2025-12-05T22:15:31.576741,491mwDAeCuVWP5fzZKNPC3bM8Fihc42MgqkXNHBSs1ow,173.231.43.218,3.0.4,US,United States,False
2025-12-05T22:15:31.576743,GYx8kpp7SsRwtQEEsGQjAxb4hFMMmT91kFJuDeky3YGQ,208.91.109.37,3.0.11,JP,Japan,False
2025-12-05T22:15:31.576745,Dh8zzbsytmExFtSoAnFqvTTpjwVqwsoknyeCsBzvxbPD,51.38.85.18,3.0.12,GB,United Kingdom,False
2025-12-05T22:15:31.576748,T9Q2kbTtvp6mjqhKP4WhUuxpkGVeqiu3Q4L9MEHYuBr,144.178.115.201,3.0.10,NL,The Netherlands,False
2025-12-05T22:15:31.576751,HZg89d2UHci8RAR2KTDrX5U75fFqB4PTncqDr2dgZ5bc,38.88.64.92,3.0.10,CA,Canada,False
2025-12-05T22:15:31.576753,5W68nZDaRxbRjNAkB2EUaeZ8EnVxsEsEVWdrWK9pERmy,64.176.66.213,3.0.11,PL,Poland,False
2025-12-05T22:15:31.576756,junk7PRERa7K28e1XC1671MYZXYkVqfTwJYiXShfgiq,93.115.25.176,3.0.10,LT,Lithuania,False
2025-12-05T22:15:31.576759,4FnzNdDo3xhrswcLQxf2A2keL3VQ7nVAPxca3BYee42F,141.148.231.242,2.3.3,NL,Netherlands,False
2025-12-05T22:15:31.576761,Ex1AxFCipXGfSxgvXPPT3nPQUARddCduHwKR6jHiXAaT,64.130.42.99,3.0.6,NL,Netherlands,False
2025-12-05T22:15:31.576764,CaveyttUBTKttncu1e4RF814XjuoGfYv8cEsiKGDNCPX,208.91.110.44,0.805.30008,US,United States,False
2025-12-05T22:15:31.576767,8DLyetTzD7iBqDPxpdZnMdXjYhxJP6ueiVGo9WsdswZu,67.213.127.79,3.0.8,NL,The Netherlands,False
2025-12-05T22:15:31.576769,6QtD82thbuZAJxo22UVtrXRTE2w4d91ug8mHqR587oWK,64.130.32.184,3.0.11,DE,Germany,False
2025-12-05T22:15:31.576772,FPEDND5TDvt3jqC6KqST3v9BQRiS5dNW1Hf8WnYqnf1B,64.130.55.14,0.712.30006,NL,Netherlands,False
2025-12-05T22:15:31.576774,HpDYCYYbYFjXd26YgpJmAbnMAgeJFDh5v1vXJz3x6Bmc,89.36.35.226,3.0.10,DE,Germany,False
2025-12-05T22:15:31.576777,EJQaZ3PSv7kM5eh158gSb9bdbkyfMq7EWK5ohPCydnwo,185.191.118.16,3.0.10,DE,Germany,False
2025-12-05T22:15:31.576779,HkJ4fbNNi6AaQ3nfdvidbiqtf9a52JWkZMkRntpFYSak,161.35.23.197,4.0.0,DE,Germany,False
2025-12-05T22:15:31.576782,5JseHtSNNSbs6oaMW7Amed9k2A4jPtLaUB5t75w9E976,67.209.52.162,0.409.20113,GB,United Kingdom,False
2025-12-05T22:15:31.576784,7LFFX8qNCG8kj3YBUjwTrQGGZvSb5BQxrkETTZMAD3NH,64.130.42.186,3.0.6,NL,Netherlands,False
2025-12-05T22:15:31.576787,dioHoKt87JcKNHs8Wtc9GTwKQeENoozEraXujWFFbp1,40.160.13.160,3.0.10,US,United States,False
2025-12-05T22:15:31.576790,HXtibUgtr8FisTu5RXnrNqTjKuerN2dTYztYqQZ56kMu,183.81.168.178,3.0.6,US,United States,False
2025-12-05T22:15:31.576792,custm2hZdfZKpL5xGCUpShF23h7uXFVtL6fK7r5Ca7g,45.137.215.149,3.0.11,NL,The Netherlands,False
2025-12-05T22:15:31.576795,1yLX5GeeAxMDG5mMgXEcUWqwpoBJua5fvVEGj4RQSTT,138.68.128.149,4.0.0,GB,United Kingdom,False
2025-12-05T22:15:31.576798,4m9EFCfDGk4uKntwf5Ef2q29ZUDhcnnU2WFbBDmPiixn,45.129.84.95,3.0.11,NL,The Netherlands,False
2025-12-05T22:15:31.576800,9ueKvL3WiLM4mNUZrfWqPTYY2Np5YwzFTYvAiPibx1Zq,64.130.40.59,3.0.10,DE,Germany,False
2025-12-05T22:15:31.576803,tx6ZDx2WTUevv3iP6hrcXd2rWnRn7go77uoy41hzdAX,208.115.223.238,3.0.11,US,United States,False
2025-12-05T22:15:31.576805,BzNSLaU1hKyke6gWbuGZwbDwqGxnNcK3fxW3L3pVKB5W,208.115.223.194,3.0.6,US,United States,False
2025-12-05T22:15:31.576808,5RXxUwL9jAkgvC1WP4nhi9kFcm3EkefSmJD28D18wqj1,5.135.174.158,3.0.12,FR,France,False
2025-12-05T22:15:31.576810,DXxxrCCvvGjayejfg56Yb2FgeZe2WVioCm4xzEjiyvhp,160.202.131.7,3.0.8,DE,Germany,False
2025-12-05T22:15:31.576813,6xUK9Nbonr4eoJNtHGoUEMmYKoPz5mipKzyDBv6deX4d,94.46.194.194,3.0.12,GB,United Kingdom,False
2025-12-05T22:15:31.576815,BwqQRwjjdHDfqyn7THaWhV6QJTH6hEJSGnF3WwnpmmgE,157.230.21.89,4.0.0,DE,Germany,False
2025-12-05T22:15:31.576818,fzwd2XttwF2Ht7Pw43cRR7kVvgNysrbX3WQsrg8NSLV,84.32.103.94,3.0.10,NL,The Netherlands,False
2025-12-05T22:15:31.576820,4DhZ3yTutbxC7ncxHBKdnnoWUgZ3Mw9QgWxvPCCGS5ap,142.93.172.199,4.0.0,DE,Germany,False
2025-12-05T22:15:31.576824,AR8uetaAnHRoPr6jvwKXWqd4YWbkbAXs5yreqo4HQHLQ,185.189.45.80,3.0.10,SE,Sweden,False
2025-12-05T22:15:31.576827,2oHUYyW2PU9VJh4XBs5TbGgzdernunvGqyKth3kxW4ns,64.130.42.101,3.0.11,NL,Netherlands,False
2025-12-05T22:15:31.576830,2HfeH4tHU25dhYuFkztx37RocJpj1CSy1XG6CgqpF9JE,208.91.107.251,3.0.9,JP,Japan,False
2025-12-05T22:15:31.576832,9Wmaz9VPpEnH67ZqrvYd9bcH66DtsGaEKcSQE1ac5wkf,38.244.159.143,3.0.11,NL,The Netherlands,False
2025-12-05T22:15:31.576843,ReFiqMfGnc7tW8WQtFFcJRPZSDAWDBnAsdoFYF2QnfR,103.106.58.73,3.0.11,AR,Argentina,False
2025-12-05T22:15:31.576846,6GeJYpYjgYEkruM5zAo12WwkG5y97rZoXbbdRT9BB9qe,52.49.148.111,3.0.6,IE,Ireland,False
2025-12-05T22:15:31.576849,HfCrdyizH4T5ZCXi2Mi4W5UuLtHwHsTkfQyyfrgHNmMb,209.38.240.231,4.0.0,DE,Germany,False
2025-12-05T22:15:31.576851,3x21ihYbNJKFvsMEh95UJZLoYwnQYAA65VQkDZGF3NeQ,208.115.227.127,3.0.6,DE,Germany,False
2025-12-05T22:15:31.576854,8RPSEttM1o1jYxRaBDUecx4f6FcZyvk5NnJ3qYPosMQh,146.0.229.103,3.0.8,DE,Germany,False
2025-12-05T22:15:31.576856,HyNe9xEvtQkiz3QeQqsjwgnXHY67fs9Z7uKw4q2jq1fR,64.130.55.185,3.0.12,NL,Netherlands,False
2025-12-05T22:15:31.576859,7gnFYY1kugbryHWWHfLjhcitTpP7dmqwj68SiCf1eMQZ,162.19.222.252,3.0.8,DE,Germany,False
2025-12-05T22:15:31.576863,2TvZfT5t9T2Zp2mkL9ngwNNB3FfTtKSWntHvNbYGPACp,64.130.50.111,3.0.6,DE,Germany,False
2025-12-05T22:15:31.576866,D6rvZxcYqEtDaYYcdFEJvvXFbnVLV4AXyLt4gkcLaqyS,89.187.178.141,3.0.6,US,United States,False
2025-12-05T22:15:31.576868,2CP9rMYLpHxrwKVWByvrAgALfj5BhBxrgTABKWRPhKqD,198.178.224.123,3.0.10,US,United States,False
2025-12-05T22:15:31.576871,ABTMbv3ih2Nn2TbgXR2km2ii47kA3JwJV8vmLukReZF6,64.130.49.208,3.0.6,JP,Japan,False
2025-12-05T22:15:31.576873,HzF7Kov41YJvKNkVEepUByEP5NKG45NJTc63JUDxT7tE,185.26.10.207,3.0.6,DE,Germany,False
2025-12-05T22:15:31.576876,CQuD7Wp56zT7KUJqcR6xKsbjQXB1ynCCFR35nL8YjRir,67.213.120.155,2.3.8,US,United States,False
2025-12-05T22:15:31.576880,9CrwPx1BCLzJj5h8VBEYW5YqgYzeQEmmf57xZ4tsV2AN,208.91.110.204,3.0.6,US,United States,False
2025-12-05T22:15:31.576883,BMcs81TJnVUksvztQyveu7CqTiq26Hjshm3ZjCCtrQYx,67.213.117.85,2.3.8,GB,United Kingdom,False
2025-12-05T22:15:31.576885,9Wku8rQdWrqQzBm1mz58HbAb1aYQdQs8xxyhE1CPq8W4,141.98.219.70,3.0.6,US,United States,False
2025-12-05T22:15:31.576888,3yDH4uQgDRY2XBe51n6BMmoC2kbHsUW4tqTmxFtb2cN9,67.213.121.151,3.0.6,DE,Germany,False
2025-12-05T22:15:31.576890,9USUL2H8L4nXRrbFRv6WmqPd2HdfMdcUr7K9kKigiMck,64.31.23.170,3.0.12,US,United States,False
2025-12-05T22:15:31.576893,FhcWZLjjMRnD6wHy46DsQbU9gmST1oaAztQd68XsPzLH,185.191.117.162,3.0.10,DE,Germany,False
2025-12-05T22:15:31.576895,6DUsN4BxDm4SegsM6XqViQdGX7aCLszhC4bWCzMR7687,69.162.93.199,3.0.6,SG,Singapore,False
2025-12-05T22:15:31.576898,ETuPS3kRfLufz5VSYN2ZrePoEVSZSpgVPKz3MUZpYe3x,23.109.47.231,3.0.11,NL,The Netherlands,False
2025-12-05T22:15:31.576900,3PE6pj8aNptknKYGZd2GYgbkrFsyPGBwPu551KTUBpD4,15.235.226.105,3.0.0,SG,Singapore,False
2025-12-05T22:15:31.576903,HifNMVQxfifhHQ4fpiixtnUe5z1ugP3Ekk6cgH7AtjSA,64.226.107.187,4.0.0,DE,Germany,False
2025-12-05T22:15:31.576906,F4UxsAC7VmVi8MCH7t9S3oaP3bWnEZRfx1pF3RNHKXFc,84.32.103.133,3.0.8,NL,The Netherlands,False
2025-12-05T22:15:31.576908,5esnsot9qj2yXEUWa9wVdztWkgsjgrvKQANobs6SZkT2,68.183.76.140,4.0.0,DE,Germany,False
2025-12-05T22:15:31.576911,9eEbZ2Qy5SkPFnG26Uusb8SDGtXL4g1x5c6kXjunBAmB,64.130.51.113,3.0.6,US,United States,False
2025-12-05T22:15:31.576915,LunaowJnt875WWoqDkhHhE93SNYHa6tfFNVn1rqc57c,91.237.141.128,3.0.11,GB,United Kingdom,False
2025-12-05T22:15:31.576918,8ebFZA8NPLBZD91CwsG1HWQsa2B5Ludgdyf5Hi3sYhhs,91.189.181.98,3.0.11,NO,Norway,False
2025-12-05T22:15:31.576923,AZoeXs5PxddMWEepZrPHqcXpTiev9qg9NgqDgm34PLWP,67.209.52.234,3.0.6,GB,United Kingdom,False
2025-12-05T22:15:31.576925,3PqzpBbdozpuqLPDBF2j29gGGmC2TSyzujABFQXhKM9E,82.163.195.20,3.0.12,GB,United Kingdom,False
2025-12-05T22:15:31.576928,2XmhZKHmfjku3T3nC9xKhgr5bm1CAmWXqNsNt49mo82C,136.244.92.68,3.0.11,DE,Germany,False
2025-12-05T22:15:31.576931,5WRrusahHwZyX5wKPW7wmquVhwJseAPLoLKbSUFvjbVe,38.190.136.23,3.0.11,US,United States,False
2025-12-05T22:15:31.576933,J3vps7xy6kuE8u6s3CKcVoxvSqUoHRxA9bd3fsbE9FXq,38.88.64.93,3.0.12,CA,Canada,False
2025-12-05T22:15:31.576936,9ZTQshJdRpBjmgXdgAPZQv5dRJp9JFt37wWwcjsvsGtn,64.130.47.10,3.0.10,DE,Germany,False
2025-12-05T22:15:31.576939,9u5gycY1F7zcZvAVLjiYeQWCozujeWtUw3mFGgBVZUuc,2.57.215.216,3.0.6,JP,Japan,False
2025-12-05T22:15:31.576941,6KfBRya7ud17JMvoVcfymV3XwysfGgZktyzCR6Gdo2Tj,149.50.116.84,3.0.10,PL,Poland,False
2025-12-05T22:15:31.576944,j3MYFBbMVKygfZkJBN2ij9jQKyzAUfp2ac6zo6JKgv4,185.26.8.223,3.0.10,US,United States,False
2025-12-05T22:15:31.576946,NATsUSZGohWw8xtLdxG4yus21UCkaes4FLfM2eqKbRk,69.67.148.121,3.0.12,MX,Mexico,False
2025-12-05T22:15:31.576949,GmMJCbLRaFK2QZPruDjwRUs16A6W6ACt6fMxaH2LC1dv,38.129.136.58,2.3.9,US,United States,False
2025-12-05T22:15:31.576953,CLs6ryrxtvzebjoVSFwDCjc26LtmVjDENMGJXfLHYAt8,64.130.49.219,3.0.6,JP,Japan,False
2025-12-05T22:15:31.576956,AzsQN6KYwFts2SZLAUJZAeKdkVTLKst8YswFbNBmkd53,185.111.180.3,3.0.6,LT,Lithuania,False
2025-12-05T22:15:31.576958,ySwAFpgFgdvVvY1ybBKBJKYjTWUeYC4WK8iuzUztMLY,208.91.111.164,3.0.6,US,United States,False
2025-12-05T22:15:31.576961,6pjXbbj1YPFpsukg5gjCjrseBK6GFjq48HRr1c1aE7AN,51.38.92.203,3.0.12,GB,United Kingdom,False
2025-12-05T22:15:31.576963,EFazZZgGPotCszT1x7b8RyLLUjudCzzj8UixwKvaV1SV,198.13.137.184,3.0.6,DE,Germany,False
2025-12-05T22:15:31.576965,85q1PsXW8X2JWM7H3xMCYkuVZGjfhVtrEDU3qCawrqbu,194.48.217.50,3.0.6,DE,Germany,False
2025-12-05T22:15:31.576968,9VJJa8nx2RgybHkeJVa2PjxibQwcWxxVFQVQw2ukYNy2,34.241.143.230,3.0.6,IE,Ireland,False
2025-12-05T22:15:31.576970,Do1KT3aDVuBdGJi3F1HXvkB9wxaRrnDBDvr1MG5eLVwa,72.46.87.225,3.0.6,SG,Singapore,False
2025-12-05T22:15:31.576973,G7XUCB4cv9YWCDtKoZHV4G7fD5YhLVDCsDT2jBSkmaJV,157.90.104.62,3.0.10,DE,Germany,False
2025-12-05T22:15:31.576976,EwRLwAeP2JjZjmxCRDyVAMxazopUo6Dc79H71DkraCja,54.177.166.106,2.3.8,US,United States,False
2025-12-05T22:15:31.576979,H8x3hRDYQ75FCTP4aUT5WjVr8xTjV8YSNzGM2rCK5GaH,51.195.124.109,3.0.12,DE,Germany,False
2025-12-05T22:15:31.576981,14NAJq6Xtz5jC9LUTrdn9WnfqqWJfwNLMTL7E4xNBg9r,23.109.47.75,3.0.11,NL,The Netherlands,False
2025-12-05T22:15:31.576983,B4mPrzXmysTapFUFMijRYKUaY5opVgSx7ye7XYjXGcFJ,159.89.6.180,4.0.0,DE,Germany,False
2025-12-05T22:15:31.576987,86wHBX2C6jmPKhZRbjYMBxVKFVZrcf44nGXzhEkuEHyF,67.213.117.47,3.0.12,GB,United Kingdom,False
2025-12-05T22:15:31.576990,33LUPt8gL26e3mgnA5UF7HStxhmUSv3odBFA8UtkxUrd,37.61.223.231,3.0.11,DE,Germany,False
2025-12-05T22:15:31.576992,FNh8Qa83nHjrF2kfCNEdGVGx89WerEd5Nu2ecd4e5o4t,64.226.69.217,4.0.0,DE,Germany,False
2025-12-05T22:15:31.576995,CesvhFdGSniXSewr688wD9Js6FYKnNPR1YJzQvvyH1r5,216.18.208.58,3.0.11,US,United States,False
2025-12-05T22:15:31.576997,Hu7pi2Xg5Kav8vSAUUr5CCZaEmMCzT6FgCTpueu3oBtW,45.250.255.167,3.0.10,JP,Japan,False
2025-12-05T22:15:31.577002,shftkxnsXmqAkmLgz9Mn7bNB5Fr6mKgFc58kFHfVikj,64.130.40.54,3.0.11,DE,Germany,False
2025-12-05T22:15:31.577004,4nGV3oRHi9Fkk7HwakFS1ZjVq6U7M2v1p5xLrAbYLQtZ,45.139.132.57,3.0.6,DE,Germany,False
2025-12-05T22:15:31.577008,4KK5zaTuRoFCGa7cjej7hjHXco7rnoZs7bCLdoRX6vQg,185.209.179.179,2.3.6,US,United States,False
2025-12-05T22:15:31.577010,CMENuWWyc33jdKN2s18hv1zKVFKoyJGzSNDttsiEibGb,51.195.26.47,3.0.12,DE,Germany,False
2025-12-05T22:15:31.577013,9nurZxF1EQoZ2bzsunNn57dHDzsJQw2oB1P65emAhFZv,202.8.11.149,3.0.0,SG,Singapore,False
2025-12-05T22:15:31.577015,2dfgsiSaZ51QYPsECMYMG247PXxyKdwkV9wTHoQb8YEC,64.130.52.132,3.0.10,NL,Netherlands,False
2025-12-05T22:15:31.577017,26EpeZE9UuUrsGPwtLwX6jB2orbUB1fcWcmYWMvyaG2R,204.16.242.229,3.0.7,US,United States,False
2025-12-05T22:15:31.577020,GHmiGoD5Kf9TbQHkEaGQRhzzain7XR2H2sZpxwgeZVYo,204.16.241.103,3.0.6,US,United States,False
2025-12-05T22:15:31.577024,5unfnA1rjTHuUU8Vq8Cr7powSBhRn4dz3ezjnDqMD6Sz,86.54.153.247,0.804.30008,US,United States,False
2025-12-05T22:15:31.577027,E6goM4WEcjTkCncSMr4RHTjG8sE33hXQUZ4SoTtN5JSV,64.130.47.20,3.0.10,DE,Germany,False
2025-12-05T22:15:31.577029,4d6RXcRNwT3XhxowHfBnpb8GmqsXq4MAWECztuxoKMH5,208.115.248.149,3.0.6,DE,Germany,False
2025-12-06T01:36:53.203100,FtXN7oN4ZwU2po29erNRwbTHXD7i7wodACrGnP8tw2yD,204.16.241.196,3.0.6,US,United States,False
2025-12-06T01:36:53.203125,3AfhR1us8ko95fSZCuVQpsPXbzCKZuJ8os5cS67UihsJ,207.154.195.114,4.0.0,DE,Germany,False
2025-12-06T01:36:53.203130,3V8ZBaTxSFV3hpgAKnKCSikCoZy1ZsmcBraJr9SHnLHf,18.168.153.8,2.3.8,GB,United Kingdom,False
2025-12-06T01:36:53.203134,6gvFzeDG3g45iQqtxQzPha1xv9rUJzNkLHh4ziDBKUVy,208.91.109.22,3.0.6,JP,Japan,False
2025-12-06T01:36:53.203137,87SCMarB48LhgJEZd8ham5qEv4ZmY8gSnRaBsGcqUMsb,164.92.247.96,4.0.0,DE,Germany,False
2025-12-06T01:36:53.203139,72oBx4doB5Ha6GNDoUc2w1PW8aFrg31gxi26YhGbr6PK,64.130.37.234,3.0.8,US,United States,False
2025-12-06T01:36:53.203142,G1TT7MXj51mvR7KUUzbhW7mn7v3X2y2FNeLvDR5euW8s,148.113.214.10,3.0.11,CA,Canada,False
2025-12-06T01:36:53.203145,AL2JgqzdysGRa7ZSfddkNvU1BvXGTaJsFMGPgCWHQFmk,64.130.47.67,2.3.8,DE,Germany,False
2025-12-06T01:36:53.203148,BDyR3kM6cJGPthLtBH397o8bU9DTNZbq6oAHemefYqH4,64.130.58.83,3.0.12,US,United States,False
2025-12-06T01:36:53.203151,AEHqTB2RtJjegsR2ePjvoJSm6AA5pnYKWVbcsn6kqTBD,84.32.186.105,3.0.7,NL,The Netherlands,False
2025-12-06T01:36:53.203154,9E84wPNEL2M45dspYA38SgBBi7Fbd8uYZd3zaejwcELm,164.92.182.89,4.0.0,DE,Germany,False
2025-12-06T01:36:53.203157,2AKKnirWVZMhnzuwqpizw9SwfZjGpRFLx2zCCNtPWpbc,216.238.67.40,3.0.11,MX,Mexico,False
2025-12-06T01:36:53.203160,6yFGGAgYpBxgYPuHW4rv7hJmhKrUiXKyHkpVGaYtKrwE,149.12.64.220,0.804.30008,ES,Spain,False
2025-12-06T01:36:53.203163,4XGtwXFKKgBQdR4w5KWEZmS39W5cQzZBoPxxe2yyWULp,64.31.51.3,3.0.6,JP,Japan,False
2025-12-06T01:36:53.203165,CmSbvK71AG4FgcXQrKAioyx48xZtZMhpfN29fTpLCEUG,157.90.131.173,2.3.13,DE,Germany,False
2025-12-06T01:36:53.203168,8eKCJ2ERfGbin4mEtKV6EtAMrJUeNtXhZs2goPSDxEPh,202.8.11.201,3.0.6,SG,Singapore,False
2025-12-06T01:36:53.203170,GPSjAGfmZHV1v7tTEioi5RtULBYrhhQeueUbfZXPDYsb,72.46.87.199,3.0.6,SG,Singapore,False
2025-12-06T01:36:53.203173,hBgGXkJ1Zw9hj1XVrb1tsHJUC8nrvoKefNf6RaShdKM,15.204.241.52,3.0.8,US,United States,False
2025-12-06T01:36:53.203175,4xNC8w8ZRD7KKnu5oB2iUyxPJisZipio9TVyUfHSLweg,5.135.193.157,3.0.12,FR,France,False
2025-12-06T01:36:53.203178,4NbwLndxshBwPBuZoP4zsUPF2qaqxbKjsXaMo5W8HcUu,34.83.231.102,2.2.14,US,United States,False
2025-12-06T01:36:53.203180,aa4kXkq29LUYKKKrADGvJeHUpSpjnZzsn5PYTFVeGWY,185.234.13.15,0.712.30006,GB,United Kingdom,False
2025-12-06T01:36:53.203182,qp23qtckvckPQBs8aSJjJ8mjrAsMYxg2TThdiKJRYHS,57.129.36.237,3.0.9,DE,Germany,False
2025-12-06T01:36:53.203184,GxKJKVX8Ap4hmY6RQxAz3j6fdpGWKuNkqE6uhMyyQr5H,67.209.52.236,3.0.6,GB,United Kingdom,False
2025-12-06T01:36:53.203186,DhgsALAHgH4cS2aDqHjVDu9UzWN91jcMNyc5ew1wiG6h,64.140.169.242,3.0.12,US,United States,False
2025-12-06T01:36:53.203188,Dn66VUvnW9sqRn9HMqHSypTXGXmWi6Yf6PC2vvm2BXf3,64.130.42.177,2.3.7,NL,Netherlands,False
2025-12-06T01:36:53.203190,4CQDaFXQFaZfXeRwnRjMZHaY7ozmZrizhPQvYvVPpXnv,208.115.202.159,3.0.6,US,United States,False
2025-12-06T01:36:53.203193,8LwCbtpT1KpBGwHBXLjzovRe8kpTHyQKkqfbLw1H51Eo,208.115.227.3,3.0.6,DE,Germany,False
2025-12-06T01:36:53.203194,CbRhbosuSLnpVKEqPfcHaAAWsppBMRoFTJ7ANSw1nrrb,23.109.47.59,3.0.11,NL,The Netherlands,False
2025-12-06T01:36:53.203196,vRqzid7JyqsJNNCHWLyp7aCmotBEoAFcckEgHt2DwLL,208.91.109.56,3.0.6,JP,Japan,False
2025-12-06T01:36:53.203199,A88N7ppcWpdoQDArUgsur37BEHgUPXQPTdtEWQi7ULsf,64.130.50.254,3.0.6,DE,Germany,False
2025-12-06T01:36:53.203201,9oNFxTezbignqmDCUa2jSZ3txC7E7JnTCJzpnopT5N2W,67.213.122.15,3.0.8,SG,Singapore,False
2025-12-06T01:36:53.203203,34ph6c8UGKB13kmURSBrvshgdoLSXiN4Jjth8uuMM7PD,88.99.51.180,3.1.0,DE,Germany,False
2025-12-06T01:36:53.203206,4JjJUQSzn5ZxEgH37aDax4xPRiDNDgamTbvoLLR8BQaz,135.181.209.36,3.0.11,FI,Finland,False
2025-12-06T01:36:53.203208,HHcy8oeuoD3FUogMtwFUdnWDVEDGdbH6PfecQ8cu99xF,64.130.58.4,3.0.12,US,United States,False
2025-12-06T01:36:53.203210,C1ocKDYMCm2ooWptMMnpd5VEB2Nx4UMJgRuYofysyzcA,95.173.206.238,3.0.11,US,United States,False
2025-12-06T01:36:53.203212,AUfD4ZTgWnZkoEAKQfN14KGZzJTDFBpixcxxQpmcpizh,185.84.224.100,3.0.10,DE,Germany,False
2025-12-06T01:36:53.203215,DFstabZVpnvcPLV6ba6zjB9MnaEC9d6CZhWzfAn7yb9k,45.250.255.249,3.0.9,JP,Japan,False
2025-12-06T01:36:53.203217,C5xadtyMKqwKExsUmFN9sH1CDs3A4haNsaBqXnZDvQZu,202.8.9.21,3.0.6,JP,Japan,False
2025-12-06T01:36:53.203219,J7n9tP5zsQReUVeQRPwxr1gyBAtBCkVFy2PBc3VZrP8J,185.209.178.237,3.0.10,US,United States,False
2025-12-06T01:36:53.203221,DP9iBgK9c7tJYb83KhxQMFNc1LXYu7nE7EhWpEzQnjmg,86.105.224.32,3.0.11,NL,The Netherlands,False
2025-12-06T01:36:53.203223,FVnum5doKLu2mgx1qGrkMwDzfjrLU3d2eLB1WhevayFn,208.115.205.118,3.0.6,US,United States,False
2025-12-06T01:36:53.203225,57i31UEyDg4koaZMZ1wAHbYuezXv3AVaHtvJgJarxt3f,84.32.103.131,3.0.6,NL,The Netherlands,False
2025-12-06T01:36:53.203227,4Wev9yHy4jDkf7iiN1w1c5xs82oi83Ss5Lfm1uqoJyDw,67.208.234.130,3.0.11,GB,United Kingdom,False
2025-12-06T01:36:53.203229,49j9bnkdgVNxLwsZ9h88sPR5MYEmsUyKrrJ6ZW8ijBrb,199.247.6.155,0.714.30008,DE,Germany,False
2025-12-06T01:36:53.203231,Brry7zX15vnwsDdRSjV6qKbXkuBmRNBhEABKhZp7a723,109.94.96.113,3.0.10,DE,Germany,False
2025-12-06T01:36:53.203233,D3aT3NeMncsf5Fqv84cNwe3Qyw8yMU5aYUMD8VdwXzt,138.197.186.125,4.0.0,DE,Germany,False
2025-12-06T01:36:53.203235,FnkBRqhinmSJ2TPMrh3ndShMkyxdJJNFzTUSu6Gff5a2,64.130.52.197,3.0.10,NL,Netherlands,False
2025-12-06T01:36:53.203237,6RSgGo9y8NkXidFmt3GX93PnTWLLd8dJCPHJATcoNrWx,64.130.63.237,2.2.7,GB,United Kingdom,False
2025-12-06T01:36:53.203239,mce3HZNYJ4VcYE7SkxZ6KsLCkoWcmj1ckfec1XLz9Fc,64.130.33.244,4.0.0,US,United States,False
2025-12-06T01:36:53.203241,FuFJT5TrXFMfHoGaUekrwsXSN93FhhaLnr9PbCUCopob,45.157.234.110,3.0.6,DE,Germany,False
2025-12-06T01:36:53.203243,AE6LkUY2zPAxJjum1PfpM7ctZH1VBbKBgqZ3LvcRGd8P,64.130.55.16,3.0.6,NL,Netherlands,False
2025-12-06T01:36:53.203245,FPu8tFnAsfjW9PvF9P7o2PTcH1B1a4s2GEH6PdKT2Vbv,189.1.164.186,3.0.8,JP,Japan,False
2025-12-06T01:36:53.203247,E9kq2eKFYoP3pQQhboP5uHKwoRbkNfiaBnAPXMEUAvSV,84.32.186.135,3.0.10,NL,The Netherlands,False
2025-12-06T01:36:53.203249,9ikKVTnykEMgCMyhXecfK8SVTynpX4VzXueoXNqhJKtm,161.178.129.237,2.3.8,US,United States,False
2025-12-06T01:36:53.203251,HJEySioakfax5erb512c7xqe6Gjx4JSLTgdQFPu25kEx,69.67.149.165,3.0.10,US,United States,False
2025-12-06T01:36:53.203254,D9v87DddtofnPjEPucPy3KpUoaoz2gCo2WRG99DQy1aq,161.35.23.197,4.0.0,DE,Germany,False
2025-12-06T01:36:53.203256,J9WFni7ZMDceER2Cxq33ALWJr8U4Xm1n2Up7JTvQ6rW6,61.111.3.82,3.0.6,KR,South Korea,False
2025-12-06T01:36:53.203258,E86TNaJnUnytwsnE5G7vgBknuK8E1x8Wq9vcKtHmTEbq,64.130.40.183,3.0.6,DE,Germany,False
2025-12-06T01:36:53.203260,EQb5PZDQZrh5FxQpn4c1J2dSpvWpQcKb58vmPvEFhTSV,198.13.133.120,3.0.6,JP,Japan,False
2025-12-06T01:36:53.203263,9tWgkY7DJ8GUyfbjUhWx2fjnuuWiAsQH4JFAuoZUtYBB,208.115.193.213,3.0.11,US,United States,False
2025-12-06T01:36:53.203265,5R8ENzXK47Xrs9F4cywdeexvha3R7FNa5bLursL8Eop9,64.130.49.41,3.0.11,JP,Japan,False
2025-12-06T01:36:53.203267,JCm8Yyw1ALX47WbLY7JkJffj6CoUGJR3FZQVQn93tve9,167.172.187.94,4.0.0,DE,Germany,False
2025-12-06T01:36:53.203269,3yG4Hi9PEDMpuwMYa2meujrmQB4JWywTvSs2oDo3fMY7,47.242.176.37,3.0.10,HK,Hong Kong,False
2025-12-06T01:36:53.203271,5RvfTSowms7BTYaBj8SxVjj7ELAAKdQadKsuNpmBAwCs,64.130.40.182,3.0.6,DE,Germany,False
2025-12-06T01:36:53.203273,9n1eEtJJfj1535NYfx524QcCG5aHbf5DH7ejqBrFLBwG,18.153.232.132,3.0.11,DE,Germany,False
2025-12-06T01:36:53.203275,6dpdFgXyTGFTQkefKNTx6qgqwGEQa9GE1msghJTZoxQJ,107.155.95.186,3.0.12,SG,Singapore,False
2025-12-06T01:36:53.203277,CAo1dCGYrB6NhHh5xb1cGjUiu86iyCfMTENxgHumSve4,67.208.234.129,3.0.11,GB,United Kingdom,False
2025-12-06T01:36:53.203280,Enfiw83LMyegbX2xHMztoW56fq8XH9ogSevanS1DZTpM,85.195.82.111,3.0.10,DE,Germany,False
2025-12-06T01:36:53.203282,FwnWx7x99rGwLmipzz8ii15NqcHkKRo2oS1Y7j6LivgZ,66.245.194.149,3.0.11,GB,United Kingdom,False
2025-12-06T01:36:53.203284,8RGp3B8zUL5GUF68DCu9Y8SqosPMYeAwpK9KFc2m1wot,72.46.86.167,3.0.6,JP,Japan,False
2025-12-06T01:36:53.203286,F7nE9kXmo4diCRcrwk32Dr5bWkT5VocF3vYpF4nyuT6P,188.166.102.130,4.0.0,NL,The Netherlands,False
2025-12-06T01:36:53.203287,5dZ49iYSN3onhtqVZRuNXBQnvC6BEj78S1EJ5UGMezvJ,51.89.25.30,3.0.12,GB,United Kingdom,False
2025-12-06T01:36:53.203289,HKsoL4tB81cduuFiEZGxgKzUxv1tkJ8jT9h4zLn6vUi9,208.91.109.58,3.0.0,JP,Japan,False
2025-12-06T01:36:53.203291,EUDis6LJeJzDHTEBgfHGQyjHp63XZkGkx4E69xunC2Ej,137.220.62.9,0.805.30008,US,United States,False
2025-12-06T01:36:53.203293,EZHZcXFpiiooHDJymKPro6gSVBqz6JfRwDAnSHUwkXRV,69.67.148.125,3.0.12,MX,Mexico,False
2025-12-06T01:36:53.203295,HKEmhcNADN9MbKMM6mfRc3tNhZuMqSNok4NP6MUfsCWS,51.89.25.99,3.0.12,GB,United Kingdom,False
2025-12-06T01:36:53.203297,CPcDFHCAKkr5Kp9T5aQWJhXV5J6iFj141NMQ87L6poPL,23.111.240.205,3.0.11,NL,The Netherlands,False
2025-12-06T01:36:53.203301,C35mvDA5RPNDtdgR9Vsi1sk56WHPa93jXURW5C4UBqhd,64.130.41.46,3.0.12,DE,Germany,False
2025-12-06T01:36:53.203303,4NJeN8VJbHaXuj3V1yUQFXSUE7a7FUs7vRm8rzwXmpcT,57.129.64.1,3.0.9,DE,Germany,False
2025-12-06T01:36:53.203305,7tUDCjhR96cAyqN4xPg7V3mbLqQrHzxMHWJ66UpRsb6z,192.155.101.240,3.0.6,US,United States,False
2025-12-06T01:36:53.203307,7o2ByDGLDyT6AJ29TbHj9YHfMAjJo8upvE4hAonTAoS4,64.31.29.18,3.0.6,DE,Germany,False
2025-12-06T01:36:53.203313,2K9jUA6Z9M7ZmuMiW5ogrVBoAeeT6kgC93GecbtpV3DZ,154.60.100.82,3.0.12,DE,Germany,False
2025-12-06T01:36:53.203315,Gyzbk24SYik9Na1TfdHvLo3KUe3wXDCLWSqzTX6fMf5K,5.199.164.139,3.0.6,SG,Singapore,False
2025-12-06T01:36:53.203317,MicobNSLg56V1PYTuKcbxnjfBa7Cqqq9pS6zvTF3cno,104.204.141.165,0.714.30008,DE,Germany,False
2025-12-06T01:36:53.203319,meshRrDTME9cL2FSQ9E56EncfkZ7vL8apwcCFsw3o6Y,64.176.7.65,3.0.11,CL,Chile,False
2025-12-06T01:36:53.203321,JCPyLaAm3AXCnuipX3qHY43jwN3Vv3oedGMPLfNLMRq7,67.213.120.67,3.0.8,US,United States,False
2025-12-06T01:36:53.203323,2nJxAxyioAqFwocRyDB8UeYDTB63ZHbHsZGvx4BifYC5,204.16.242.234,3.0.6,US,United States,False
2025-12-06T01:36:53.203325,BEaoC3SJUPTxeHEtoRmKtpbeSkUEFjFtgQbQZ6BggwX2,74.118.136.44,3.0.7,NL,Netherlands,False
2025-12-06T01:36:53.203327,E3LBMWVUoURz3D34r25V4gff7P5BwqaWK3e5wLHre3mf,64.31.39.111,3.0.11,DE,Germany,False
2025-12-06T01:36:53.203329,335NaZ18GDW4rEmcoTb3Fae5CwKyqY8iVp6BtPAWc8A7,208.91.107.67,3.0.6,JP,Japan,False
2025-12-06T01:36:53.203331,DaP8iJZVRJwtnDQghBHR6Jv7UZWsPhqRcpNSGYZepi6C,152.42.141.207,4.0.0,NL,The Netherlands,False
2025-12-06T01:36:53.203333,DN6DooTpEJ6d7yfSCMQ9eWwrKD33dKbaPMcx9dBgFyx8,208.91.110.177,3.0.9,US,United States,False
2025-12-06T01:36:53.203335,FYJebhHeyAe6HhP5fh9sxDWjfqPFRXN4uio2Moke3td9,208.115.248.254,3.0.12,DE,Germany,False
2025-12-06T01:36:53.203337,5F9FDBGjbbTrDoVSccxiEqMhnftU2t1dVnmQmj4r7d7s,64.130.47.11,3.0.10,DE,Germany,False
2025-12-06T01:36:53.203341,7HMHSdQkjDwz9Q5zAhEy83uzW3XHJchjdpMYapKXcKt5,45.77.146.51,3.0.11,US,United States,False
2025-12-06T01:36:53.203344,A23LfQn6khffj2hGhGfXr6P52W2pxrVcCaHVQLYQgiX2,208.76.223.94,3.0.11,ES,Spain,False
2025-12-06T01:36:53.203346,2ooAsEFLdacfSzzsgAdWKQN6qkSFFTDVsNRqqnr91Pec,64.130.32.78,3.0.8,DE,Germany,False
2025-12-06T01:36:53.203347,6iri3nCASpXpLCWHs33UejfCttmW5jkBvSSL2r9qd4AF,37.114.51.131,3.0.6,DE,Germany,False
2025-12-06T01:36:53.203349,F6JisNQpdME3hK3qU9XBtzFCMrDwbctaAhuYx8hmD1YF,204.16.242.187,1.18.21,US,United States,False
2025-12-06T01:36:53.203351,JE1L68VbhDhjCgEEvFXCVEXeqPocv6GJdRn6otEscgLg,142.93.172.199,4.0.0,DE,Germany,False
2025-12-06T01:36:53.203353,DtpwEimugAAbRkKvwTR5F7q3kX76RyJuUkt2sMUZnqQw,64.203.83.116,3.0.12,CA,Canada,False
2025-12-06T01:36:53.203355,G3vkmBSFJSqkmFonR86AgFtZaDHcmjqC1oZsZzXFUXWk,208.115.227.95,3.0.12,DE,Germany,False
2025-12-06T01:36:53.203357,HvXRdD8GqTz5apQ4ETnB7YSnCZYbxgc3bhVsvnz2tDMs,204.16.246.62,3.0.6,US,United States,False
2025-12-06T01:36:53.203359,5zU5y3CuBzNdTYejyXKHyw6AqnBoDcnSiqhyhqLm72av,5.135.193.216,3.0.12,FR,France,False
2025-12-06T01:36:53.203361,8TK5xjYHCMWdDRbLP95me4dX5p3J4SeqJVCpSVvQ6yum,64.225.110.16,4.0.0,DE,Germany,False
2025-12-06T01:36:53.203363,6tQjXRGfzoCoD4PMxMG1eeG2b29b2NbQ13z4oVdQzicq,74.118.136.38,3.0.6,NL,Netherlands,False
2025-12-06T01:36:53.203365,5DbRzfGo3fxtUP3DeR4ERdiABHEmzca1gJXCqioNsUSG,134.122.68.192,4.0.0,DE,Germany,False
2025-12-06T01:36:53.203369,3dviJwJh3HPnPoj26ZGxWMmGN9JDU6Gu1mmH65WdRWdg,165.140.86.214,3.0.6,US,United States,False
2025-12-06T01:36:53.203371,9RvWX57rtPhgqKHfJrNZsve3SSjwZ3E23iAgETj7RibC,57.128.146.15,3.0.12,GB,United Kingdom,False
2025-12-06T01:36:53.203374,JEK8oFYPTP6ZSnoNc2CdjPQnPYXVkC6XRSVLPH8dd5XW,86.105.224.131,3.0.6,NL,The Netherlands,False
2025-12-06T01:36:53.203376,4gCAGpsi7GFEQTGbrBPUaBsLUSECwAqkXgGtQtpigxcK,64.130.52.144,3.0.12,NL,Netherlands,False
2025-12-06T01:36:53.203379,G6vmhU1rkc71PVrmhjiFmjbreHNPDadbXtSDV9ZcbPLH,51.68.135.61,3.0.12,PL,Poland,False
2025-12-06T01:36:53.203381,HSZv8MAadCzpYc5YYvrWTjTK7Pk8hkA3hUwUHJYYcYQr,5.199.170.100,3.0.11,LT,Lithuania,False
2025-12-06T01:36:53.203383,6cocbN1N7zswUP7Z9HzVmdyS7MCgJqjV8UVwJwmogmNN,40.160.12.8,3.0.10,US,United States,False
2025-12-06T01:36:53.203385,DHxnurLfsjvG7EX5PVx8ekcwYk1PfegCHADtfMUJCkoS,148.113.193.165,3.0.8,CA,Canada,False
2025-12-06T01:36:53.203387,5wfA1yDtLMgADQ3jFDcsG3a3tW8mJkyUmc9628DGB4uo,64.140.169.163,3.0.10,US,United States,False
2025-12-06T01:36:53.203389,mds3Df1ieBonG2qS8ZoKTqshq5MgTUNfZgc78cjiCdq,109.94.99.175,4.0.0,JP,Japan,False
2025-12-06T01:36:53.203393,2BdmeuuJqkJPxKBHmXQR3ojR2MKUaW5AUbqz83BQ3Xvf,138.68.166.135,4.0.0,GB,United Kingdom,False
2025-12-06T01:36:53.203395,HTnxxyw7U3unpwpePZmV89Lgqk8xwRis6ETV1hdu4CxH,64.130.63.38,3.0.9,GB,United Kingdom,False
2025-12-06T01:36:53.203397,5sLHzz5rGy1phMuKKb2uuyqzrRwL7PDcHZsU7Uf5ccys,217.182.94.227,3.0.10,FR,France,False
2025-12-06T01:36:53.203401,349ZxutBUiofME9KZZCRP7sEE4xDdx2DqYmJkHw1YtN8,64.130.49.184,3.0.6,JP,Japan,False
2025-12-06T01:36:53.203404,dTMsRmWqQFTshrCmN3Sopc1FRTozngK14FGsMvLab4K,51.75.32.25,3.0.12,PL,Poland,False
2025-12-06T01:36:53.203406,E4to7fNJWLuAYnrGxnUT1wDngPy6VUNgTFpfpbfDcgzK,177.54.159.67,3.0.10,US,United States,False
2025-12-06T01:36:53.203407,65Ho6Sbn5bTpsceLBxb4waGrHRisCsnYK5FqwNVXH1Ac,212.135.23.4,3.0.10,DE,Germany,False
2025-12-06T01:36:53.203409,6oNmLnVA1o5kbUeR4TmyTr1J4dTXmQje4hhxgRtd7f4b,202.8.11.208,3.0.12,SG,Singapore,False
2025-12-06T01:36:53.203411,Dh6FiUeXCYCwc5bYtkDX4gVZsrC7EoPriD4R5gMY4EFD,209.97.175.156,4.0.0,SG,Singapore,False
2025-12-06T01:36:53.203413,HdyhFsRKw1JsuqruHkVSQKEk7ss9YEmUwBWb5qEANG6c,185.189.44.234,3.0.10,SE,Sweden,False
2025-12-06T01:36:53.203416,H2KxofgJj2awY6Lg8ZNzBH7mdMDFW6YXuBWXMAx7pnND,95.67.10.106,3.0.11,UA,Ukraine,False
2025-12-06T01:36:53.203418,5ejbTALcBsKQ7Cj1iSuu2mY5jqbYHqh9gF5ERXLiYj1z,5.199.172.179,3.0.7,LT,Lithuania,False
2025-12-06T01:36:53.203420,2m1A2WM1vte7RWz5xTTw4i1SiXmngVtXhqFERaUjoAAb,84.32.186.206,3.0.10,NL,The Netherlands,False
2025-12-06T01:36:53.203422,2rSPu6Szzq8SpZFZWwuyHAn6bXg4cvhHgjGDhttPeYUE,149.130.210.48,2.3.3,US,United States,False
2025-12-06T01:36:53.203424,3fRJ1Q9Ab2bEksFKcHPSDgQBtKmxbKCWp3pEqbnYUS86,64.130.42.183,3.0.6,NL,Netherlands,False
2025-12-06T01:36:53.203426,DDXTqUXyvdKuCfyW6mLWHnM4bc9K3DWvYrKQbKjaPb5i,213.145.102.214,3.0.10,BG,Bulgaria,False
2025-12-06T01:36:53.203430,EMHjA9v45hJU5BWuBuvps8r5RQvmkCwdUfVm7wYFL17J,208.115.227.85,3.0.12,DE,Germany,False
2025-12-06T01:36:53.203432,9PvW2no9wsG2TF3gC34UGSaZrsdn7pjExH2qtqdw3YbB,51.68.202.156,3.0.12,GB,United Kingdom,False
2025-12-06T01:36:53.203434,Bx2bbPsgwvAUfFEhqs1hpfhQuX1TLUBTsWWAy5XNLBkw,185.177.125.27,3.0.10,NL,The Netherlands,False
2025-12-06T01:36:53.203436,BeaCHioStqCEFDFxKwAEzyrUPYxqnBPhJ98gDKeEiTPb,154.60.100.88,0.805.30008,DE,Germany,False
2025-12-06T01:36:53.203438,5GkW3RBwchDfjKKRkRXd1aLQDXg6rQhbKuSUS86YC9YA,84.32.186.104,3.0.8,NL,The Netherlands,False
2025-12-06T01:36:53.203440,7CEQ6ZCVDc5jVGEpFbevUWUydpNLFw3MT189ovao39GG,57.129.88.27,3.0.12,DE,Germany,False
2025-12-06T01:36:53.203442,HHPuD4hListt3BKsDcRygkoYNYSh8EinQLmgZfUENdRS,72.46.86.131,3.0.6,JP,Japan,False
2025-12-06T01:36:53.203444,CBswgSXHADTMR5H4vsNuh1PZDbWx3AuDg9FKjz6xeW7w,202.8.11.206,3.0.12,SG,Singapore,False
2025-12-06T01:36:53.203446,9pWRAkdzJHuBGEbZD3jBjtTyoF2i31oSpCUhkXRU9Y7Y,202.8.10.72,3.0.7,IE,Ireland,False
2025-12-06T01:36:53.203448,77PckL9rVnebpwwG7o6mEVdsuvzQFm6Yg5JRZjKoAqSX,15.204.241.60,3.0.10,US,United States,False
2025-12-06T01:36:53.203450,DrXmHVGPZRv7jM3pTRktBVvErSb5y6k76dqxF2AzXgFK,51.68.192.2,3.0.12,GB,United Kingdom,False
2025-12-06T01:36:53.203452,3w9nEC5TjbSCUgBB4RLQRvwo39U2K19vn9yfA9V7V4nG,103.167.235.180,3.0.11,DE,Germany,False
2025-12-06T01:36:53.203454,Ct7EuZfcbGEk4Smy9QabuLd6Fammd3Sjh8qzTYWMgxEF,213.111.138.98,3.0.10,NL,The Netherlands,False
2025-12-06T01:36:53.203458,55ACvu83GyqytpaCiV2JPjFMvdeUAFupP3rkKf5MzXZF,34.208.112.72,3.0.6,US,United States,False
2025-12-06T01:36:53.203460,DPxPcn8e5djXFYjThRKi6ktow9d2Ak3E9wSWjkLcZ6do,78.159.127.198,3.0.8,DE,Germany,False
2025-12-06T01:36:53.203462,CAH1F616U5bBiw2ajXTGKA6iwcMn1B9GF1DURmabgBdS,159.89.6.180,4.0.0,DE,Germany,False
2025-12-07T01:49:55.158441,CwyVpfmfSiMeCexi3JgUNvaiDfYN14cLDjzT99zcBuD2,188.214.130.164,3.0.7,LT,Lithuania,False
2025-12-07T01:49:55.158454,6JwGDoiqjZfdQq2gxdFC3KqvxJH7HrKB7z35eksZKcmy,64.31.58.161,3.0.6,US,United States,False
2025-12-07T01:49:55.158458,SPHERExTW7GaMgS4RN6MbghYvXU2REfFWHgpxMH1P69,185.191.117.158,3.0.11,DE,Germany,False
2025-12-07T01:49:55.158460,BomURiP76JaZSp3ZgyotJkr8aTpizHcUoiJLhKuXjfew,64.130.34.10,3.0.7,US,United States,False
2025-12-07T01:49:55.158464,6nDhuZ8nfq9M2NhjRQ3xB4vBboHmHHsoZA7UZLu7jATK,217.168.244.75,3.0.0,RU,Russia,True
2025-12-07T01:49:55.158466,GUpASEiXdK6XscWRsogjwXwzXT8XRSsQdRQA4n1yRAJK,35.179.154.152,2.3.8,GB,United Kingdom,False
2025-12-07T01:49:55.158469,M9h7u2qerMZ8r5cnZSxSPiNgJdzW4zXW4sMZSiG4Yhf,64.130.57.183,3.0.6,DE,Germany,False
2025-12-07T01:49:55.158472,CakcnaRDHka2gXyfbEd2d3xsvkJkqsLw2akB3zsN1D2S,189.1.164.139,3.0.12,JP,Japan,False
2025-12-07T01:49:55.158474,EhyGYUULigttvZCQprFsts7ZoG8jSVpDm22fBbYCGm7P,207.188.6.11,3.0.7,US,United States,False
2025-12-07T01:49:55.158477,5nhG8hnDipCgjDFbjjfW6zGdAcUUyZtHqGWbc6zDaGTt,158.51.13.2,3.0.12,DE,Germany,False
2025-12-07T01:49:55.158479,14VvFPAo61JemTr2EYQmjnX9oC3i2mL7CvjYL45tDwzc,64.130.54.106,3.0.6,US,United States,False
2025-12-07T01:49:55.158482,2catEkEoVy22vbwcdwbZDsoryRo3RRSWa2V1jLnzfNuh,64.130.43.86,3.0.6,NL,Netherlands,False
2025-12-07T01:49:55.158484,GiYSnFRrXrmkJMC54A1j3K4xT6ZMfx1NSThEe5X2WpDe,69.67.151.85,3.0.11,US,United States,False
2025-12-07T01:49:55.158487,AoUwfPuiEek2thVRDhMP7HbQb9rguyab4rDiz2NAfwwA,148.113.199.188,3.1.4,CA,Canada,False
2025-12-07T01:49:55.158490,D7id7uVoEQpxBLvDFgYBfpnt7KKAqR9quEWwWkxpSGds,89.36.35.228,3.0.11,DE,Germany,False
2025-12-07T01:49:55.158492,b1ueZK9bWTywN2587zsScyLTaH18wfRfN5W15XnkiqF,102.211.135.181,3.0.11,ZA,South Africa,False
2025-12-07T01:49:55.158494,GPfEzBzE6UvRtMpodZm4EAFba5wMzkprZugDsA1EZeE7,216.18.218.182,3.0.11,US,United States,False
2025-12-07T01:49:55.158497,7zxrXBXKKRtY5Q6oogt6e7CVHiPPwq1FGUhVE4QDY6wy,109.94.96.37,3.0.10,DE,Germany,False
2025-12-07T01:49:55.158499,GspaBynDc68gXsaCapUXnBbDQ5Kwb3N2LXnfCW3bB6kK,64.130.61.81,3.0.6,IE,Ireland,False
2025-12-07T01:49:55.158502,FJFG9NqFUVEz4ULVRFhNH2FXX38RAqQ1PMY2bGvVAgWv,67.213.115.11,3.0.10,US,United States,False
2025-12-07T01:49:55.158504,3AXdmWEMjaJ5qAaY1uQCCJ6se7Ey7uiWwydjWvAdpgvz,198.13.130.56,2.2.7,SG,Singapore,False
2025-12-07T01:49:55.158507,Hu7pi2Xg5Kav8vSAUUr5CCZaEmMCzT6FgCTpueu3oBtW,45.250.255.167,3.0.10,JP,Japan,False
2025-12-07T01:49:55.158509,Gbi76mTbLUCb7qjS3WSDDD4T4ah93GdYCewUnThk7LVx,207.154.251.161,4.0.0,DE,Germany,False
2025-12-07T01:49:55.158511,C9ynUhPaXoULYdNc4ua64ZsSycu9GHC479qzF5Yk7vuN,64.130.42.73,3.0.7,NL,Netherlands,False
2025-12-07T01:49:55.158513,GNdd3Pf6YijHkr7UMdj4QdMZRN2wBS3xjK4XTWiS7cx8,51.68.222.124,3.0.12,GB,United Kingdom,False
2025-12-07T01:49:55.158515,E99w1XfS4UNM1xUKXWEuDmj8Mduy7u65jm2NCULTspSV,216.18.204.162,3.1.2,US,United States,False
2025-12-07T01:49:55.158518,DTKVVY1MNsaW1Hb3Ager1HmHQSuDU9ySHTRLAcVmVPcJ,64.130.59.80,3.0.6,US,United States,False
2025-12-07T01:49:55.158520,At5UWqP66TRBq23wsbTAZqeCVunwoy5ZQ4ZeSqUEXuBf,192.69.220.242,3.0.10,US,United States,False
2025-12-07T01:49:55.158522,3xpezojoBiBLdKpmEeTSBM61EFWVcScvvMA6h3RamLY3,5.199.164.124,3.0.6,SG,Singapore,False
2025-12-07T01:49:55.158524,8cHVM48jeBdCiuNMT6wcENEjaT3yTYd9H3RueLZPvGFJ,109.122.207.111,3.0.8,SG,Singapore,False
2025-12-07T01:49:55.158527,E5jxBauWZss1ejp7FUfdYuTTzAr9G1QqqMG6wAJmM373,176.31.30.22,3.0.12,FR,France,False
2025-12-07T01:49:55.158529,F9ro7zou6AVpLbY39BYxWTBRNsn2FuQvuo98gGvRZ93y,89.222.124.5,3.0.8,DE,Germany,False
2025-12-07T01:49:55.158531,3JqMoP3n65barhePMXN2Fse9MfkoLmQEe1vG4T4msjk5,64.130.41.152,3.0.6,DE,Germany,False
2025-12-07T01:49:55.158533,Cz332JeuumqRGofZs7fbcRBA7YRnzSj52XwTw6z7cuKi,185.44.207.195,3.0.8,DE,Germany,False
2025-12-07T01:49:55.158536,Bgf8vKBqKe9wUCX5q4eVLH4ZMwo4NY8928EgBvz4Yo1D,104.238.152.251,3.0.11,US,United States,False
2025-12-07T01:49:55.158538,G1rimRnvVV2n19om6Un2wukQbgh6ifSG7ABQru7jUHX1,185.101.32.94,3.0.11,NO,Norway,False
2025-12-07T01:49:55.158540,BeRtYZnaaZLFwYQRPaZcxuuHBmyFBSGP32C8Ls5xnrZP,177.54.154.225,3.0.12,SG,Singapore,False
2025-12-07T01:49:55.158544,AS1E3rmVtqDCrTSD7RXZwTRtk9yeqsJpzTugxWEaZu1z,74.63.225.117,3.0.11,US,United States,False
2025-12-07T01:49:55.158547,8nBJ7WPeWsVT21FqutPnndPXSEYRiWiUn7UNNaDafrtw,208.115.223.226,3.0.6,US,United States,False
2025-12-07T01:49:55.158552,49LWk5kJHjAP6CuhAJv4MhbcjaFiWWA4v9E1Bqxob4Pf,198.13.130.122,3.0.10,SG,Singapore,False
2025-12-07T01:49:55.158557,HNMdyzjhqNwfSfeLbS4wgWRuZChRD7qk1Yib9o6wSLV,208.91.110.126,3.0.10,US,United States,False
2025-12-07T01:49:55.158561,F7nE9kXmo4diCRcrwk32Dr5bWkT5VocF3vYpF4nyuT6P,188.166.102.130,4.0.0,NL,The Netherlands,False
2025-12-07T01:49:55.158564,HuQPuaKgHQJV3YBKT4fvpwhKmSe2gF7ELTxMHjmXkfd,162.19.103.149,3.0.9,FR,France,False
2025-12-07T01:49:55.158566,PgaFqKC4aUh9VSQ1RHkBHpkWrBJ9nBt1G8AGUboiFVq,208.91.111.166,3.0.6,US,United States,False
2025-12-07T01:49:55.158568,4fpUfTQHLnbjLhrAofdTr6SbKzsdP2iBRd6ciQScHiBm,141.94.154.193,3.0.9,FR,France,False
2025-12-07T01:49:55.158571,7Ugf78xMQmzGdiNSNfq9oySGJiTnr3Dvn1ZPZ8BrukbW,64.130.59.125,3.0.6,US,United States,False
2025-12-07T01:49:55.158573,2ovCaS2sBP5uncyfEehs4XihAgTzjSzjoPE1mmueEt2s,185.191.117.66,2.3.8,DE,Germany,False
2025-12-07T01:49:55.158575,8tRVLXbh2y9Q3NNAhTrWdxzr1hKu32Le9EU35xgm5aW3,64.130.52.196,3.0.12,NL,Netherlands,False
2025-12-07T01:49:55.158578,BxkAkLR2W3agWtjMXBNvhxmB8vsn7zhjNQcyfost99KY,89.42.231.131,3.0.11,NL,The Netherlands,False
2025-12-07T01:49:55.158580,2vDjxAeesnqXu3khnkHgPLYKS3rkeUoQa1a56E9wAyCL,57.129.87.151,3.0.9,DE,Germany,False
2025-12-07T01:49:55.158583,ApHCfmB6B7MshWEbD9D28abeDvYdQ2pvthqnqisD9qYA,202.8.8.38,2.3.8,NL,Netherlands,False
2025-12-07T01:49:55.158585,BtJmUemxN7YQHCdkAmPiDitHEEH9eSMrMJWeHKERX7hE,64.130.36.182,4.0.0,US,United States,False
2025-12-07T01:49:55.158587,BULKzD8ZgbYV6taZjXYkdSytcutscMGTFFi2MDHViKdc,64.130.50.90,3.0.10,DE,Germany,False
2025-12-07T01:49:55.158589,8fnTWiE2dYopXV9ATsKAu1ucnAfHDqKi9NmTFWSPn1Va,5.199.172.153,4.0.0,LT,Lithuania,False
2025-12-07T01:49:55.158591,6NHtm8XzbwLmg9tdVRNwidWpqpGXwQph14ayEexbZLCx,51.195.26.47,3.0.12,DE,Germany,False
2025-12-07T01:49:55.158593,CPKv1uiaXxnMGdpYFeVhaznwTqV9kWQmoPpxaR2xz3uC,150.109.95.155,3.0.11,SG,Singapore,False
2025-12-07T01:49:55.158596,G4JtA3X7d8iw34gvczai8QhZ4M4ebSgyTuK7abgZw8EB,185.199.38.132,3.1.2,BG,Bulgaria,False
2025-12-07T01:49:55.158598,7S72LPXte43vyX3zugjkwjB5aKRYKAHQwheu7vepwQ18,104.248.180.213,4.0.0,US,United States,False
2025-12-07T01:49:55.158601,BU5cw29sKCHqeE81GevLopLbgCP1rThxifbTgiGYmL5W,208.91.110.11,3.0.6,US,United States,False
2025-12-07T01:49:55.158603,E728dYHSA6aroE85jnYP7kJ85Wpxi3T6Synqiz9KdsSV,149.28.86.110,3.0.10,US,United States,False
2025-12-07T01:49:55.158605,E2Fk8s1HjpBQkqgnywYFDYaoSuEmDxVWQuTq3CNbPySV,109.94.96.167,3.0.6,DE,Germany,False
2025-12-07T01:49:55.158608,2tKHmvekwC7n39QjKVUUwjZXhgZtDANivyBzXE3QbTMs,167.172.179.227,4.0.0,DE,Germany,False
2025-12-07T01:49:55.158610,FZYtex3Etw4ZnPHQ3xcSSka43qv522qC9vipE4XydvN5,70.34.252.244,3.0.11,PL,Poland,False
2025-12-07T01:49:55.158612,7Sgxzs68EhVZaxsBd1BfHumBcqjkoGhfTM71mqJX6YCq,146.19.172.9,3.0.12,US,United States,False
2025-12-07T01:49:55.158614,huinBRP3muBuqZLMW8ARjdn4mBnEmFFcxiBzrkQz553,45.139.132.87,0.804.30008,DE,Germany,False
2025-12-07T01:49:55.158617,AdvQdqVd7z3Gab2TD4L6XMnQDSh3fcxKaeKSoBaD63Lb,51.89.19.253,3.0.12,GB,United Kingdom,False
2025-12-07T01:49:55.158619,DKecdGMzTQyQheLNnLfiay4L6jHYWLWgSGGntp3Gtdtx,52.53.215.218,2.3.8,US,United States,False
2025-12-07T01:49:55.158622,Cx8MVMMeWRLR2PsN5bFx532GcUHyzeRLfhTDdyyAGfqt,45.139.132.91,3.0.10,DE,Germany,False
2025-12-07T01:49:55.158624,FaMj8faMtA7khL8VbuMaAxnxHQF4GamsepD276ASuoVA,67.213.113.11,2.3.8,DE,Germany,False
2025-12-07T01:49:55.158626,JDU88nvHzu9JBvcpwtEEAsUMKK9oSkwTytRa2CAi9icJ,5.135.196.123,3.0.12,FR,France,False
2025-12-07T01:49:55.158628,E4boaJLvEU1nEbwJe5e53grhApmG5Jo67qpKK12Ao9SV,64.130.52.207,3.0.10,NL,Netherlands,False
2025-12-07T01:49:55.158631,HAjoSK3JBeEvhM8JNr17PkpwH4UzwvfJAnkAxLiZoTSx,64.130.57.118,3.0.6,DE,Germany,False
2025-12-07T01:49:55.158633,32x8pBCmRrvxJBxjiNYBFLX7BZpceVLanD5vehzW9hDG,92.204.248.109,3.0.10,FR,France,False
2025-12-07T01:49:55.158635,hnubvz4ZaUH6UHwpcYuPy3pCF9SUjNXTwdx52hbqwBH,64.130.43.36,3.0.8,NL,Netherlands,False
2025-12-07T01:49:55.158637,dzBhD4wikyy7xqwiJvT49gdrKqWVjfs9M6cTssmRX8Y,45.76.239.188,3.0.12,US,United States,False
2025-12-07T01:49:55.158640,bcZxRSozXDb61a77rxL6n9yumsbatqC7RFmZ8Xi5K8V,160.202.129.127,2.3.6,US,United States,False
2025-12-07T01:49:55.158642,HkLZ1zWZ47w23Mo3Tu6FBQu3E3tCAVcW8oTdt87TursF,89.42.231.75,3.0.12,NL,The Netherlands,False
2025-12-07T01:49:55.158645,6PiCQBmhMj6e1V2PvBXrPT77yfSnVprQkJvHmWpz7Pau,74.63.225.113,3.0.11,US,United States,False
2025-12-07T01:49:55.158648,9kd1gN9ussMbZkSZmxgEffAUs7bWVjcruSoZKPDrdu5u,92.205.32.99,3.0.8,US,United States,False
2025-12-07T01:49:55.158650,nymsHergYedT9CJMgtGMvqXUTGcbs5o3MiWTJUbqTGY,64.130.43.215,3.0.11,NL,Netherlands,False
2025-12-07T01:49:55.158652,7o7dPaJuiNdK2J8NQiBtVWtbSBR3XLyVX9UbpirH6khn,158.51.206.254,3.0.6,US,United States,False
2025-12-07T01:49:55.158658,2pH7z9URs2ynEo3ep8XheFhfYsxNTeYmrXqiZ8HQfNEt,64.130.61.43,3.0.6,IE,Ireland,False
2025-12-07T01:49:55.158660,UZBmptMjMSQEPKm4WyUkJeAuvZSqTuNK3cQCKFqJcXT,104.204.140.125,3.0.7,DE,Germany,False
2025-12-07T01:49:55.158665,HLJ6ERRbRJ6Du8g1P9p1r1w7Pc4xc8f1Jg3YUvWFpHyK,85.195.79.2,3.0.6,DE,Germany,False
2025-12-07T01:49:55.158667,E3EKJhabk7HmqXfRN2YjksFcSMQyqJNjcLZ6jFHuGkhb,185.191.118.24,3.0.6,DE,Germany,False
2025-12-07T01:49:55.158669,Atts5jp5q8ZgY4LaYxCEdCEkvHuLPrYwjNC8j2NMsp2F,185.26.10.239,3.0.11,DE,Germany,False
2025-12-07T01:49:55.158672,AT8aMVcj9gonmRxj1iaU9T2yJJX9m9mrR3G4EXFDh2nq,64.130.40.10,3.0.12,DE,Germany,False
2025-12-07T01:49:55.158674,DZVqmD4QqSWM2gUyEXdQhvt4u3NZtCRxdsn2n2nNiBRL,195.12.227.249,0.712.30006,DE,Germany,False
2025-12-07T01:49:55.158676,CifKhzxH7H4aS65fv4ktJdSxG5c7GYjTGzWg6UcRP8VW,208.91.110.104,3.0.6,US,United States,False
2025-12-07T01:49:55.158679,7qszS2Y7y4Yi3Nx49tNXVHbqrUFXpmFHHiCybC5CB89g,145.239.233.181,3.0.12,DE,Germany,False
2025-12-07T01:49:55.158681,parayLyZvwnGjDT2pGqrVn8UDxmNcdNQCE8uPRWMeRz,69.67.148.127,3.0.11,MX,Mexico,False
2025-12-07T01:49:55.158683,simpRo1FrQYGa1moicfgnPDp6KyE38d4gYrZzhjXYJb,72.46.87.247,0.714.30008,SG,Singapore,False
2025-12-07T01:49:55.158685,7S8e7DAG5ZEKeTiDeGbzMvse1e5qZnG7CFLoKnjDaEF2,64.130.54.76,3.0.7,US,United States,False
2025-12-07T01:49:55.158688,sis2FmpcQuaXHGpbFEfdpi1TunGovBWoxhTQkQCULvL,82.100.58.108,3.0.10,CZ,Czechia,False
2025-12-07T01:49:55.158704,FGiEdzde7Fco2WLpNQMat299hUVoykJdaA5hxdmCzHiS,45.250.253.96,3.0.12,US,United States,False
2025-12-07T01:49:55.158706,Gh62nF8Nk2CWj6XdEWjfBBXAJxthJks3EPCeRgam7Ghz,64.130.51.188,3.0.6,US,United States,False
2025-12-07T01:49:55.158708,2GodwL1tDAqtKvYixNnYghg9cQKBzxocyQv8okaySFUE,64.130.33.49,3.0.11,US,United States,False
2025-12-07T01:49:55.158711,32UjiRMCp7SErRHhLMjX7sSFica7Fm9Fe6HwNFSR3S7m,186.233.187.31,3.0.10,US,United States,False
2025-12-07T01:49:55.158713,G1iGE66yqPyL7PJQAosMUNTCfVBcC6NbaC7tnmPJBPh3,64.130.32.174,3.0.10,DE,Germany,False
2025-12-07T01:49:55.158715,4DhZ3yTutbxC7ncxHBKdnnoWUgZ3Mw9QgWxvPCCGS5ap,142.93.172.199,4.0.0,DE,Germany,False
2025-12-07T01:49:55.158717,snPW3rpMN3uPUEhk1N4aZcRFkFirZJ2B2g53Wa2TDYw,64.130.43.87,2.3.6,NL,Netherlands,False
2025-12-07T01:49:55.158719,5tfcGyf3NQFcufDigvbRt9kWoVN2KPEkBRUY3UaC3Zwm,85.195.96.251,3.0.10,DE,Germany,False
2025-12-07T01:49:55.158721,DL1tsrJkENrVRxo8uYmacbdqw29n6qvMY537NAFdFzET,85.195.118.199,3.0.6,DE,Germany,False
2025-12-07T01:49:55.158723,mds2fZEpJP688PqJHvfLxGyf2VFrcNkvjuUxNYCwjrq,64.130.33.190,4.0.0,US,United States,False
2025-12-07T01:49:55.158726,87Lyej1UgJEbyyFKTmeZrFBv83WrC2oacZNgbFbXdja,51.222.162.254,3.0.12,CA,Canada,False
2025-12-07T01:49:55.158728,5mibVbZnpda74GECqSLd6V1uLVBn5GQYUBuopVqNKSZa,64.130.61.40,3.0.11,IE,Ireland,False
2025-12-07T01:49:55.158730,7F6ub5Gu6DipipfybaSewYMHBCoEmnGD7CkNga3gcknY,45.250.255.183,0.712.30006,JP,Japan,False
2025-12-07T01:49:55.158734,BL7rnZo8jw4agDGQugRVK4hiW8oEJEGCtZL63y9unJg5,134.119.218.201,3.0.6,FR,France,False
2025-12-07T01:49:55.158736,FgqGhaqdCBrZuPx6tgSiwfeoAqCZJRTNV4ZuyWM1Saki,74.118.140.149,3.0.6,NL,Netherlands,False
2025-12-07T01:49:55.158740,FjGhV5VkbCvwqWtozGQqooTyLpc3vrMJ6ijPtcPB51mr,51.89.161.225,3.0.12,GB,United Kingdom,False
2025-12-07T01:49:55.158742,8xWVPnstPcmfeTRgCSm9Ptzdns87ztiQkg7THzaLbePp,64.130.44.117,3.0.6,JP,Japan,False
2025-12-07T01:49:55.158744,CpjhW18VPxgdFhRbKJZtLBJA3pjJZEh7LBMPa6mDPxxD,5.39.251.202,3.0.10,DE,Germany,False
2025-12-07T01:49:55.158747,H2Eyv3juoPi8dPNmgHvWeAXK1oXym5EnBvnA3hHyWB4d,104.171.164.58,3.0.8,US,United States,False
2025-12-07T01:49:55.158749,7kja2EB5Wjy7BykBwZ7oPUmquXtLJD1Ti7ZocZFuMvLA,173.234.17.205,3.0.10,GB,United Kingdom,False
2025-12-07T01:49:55.158751,14M8twnCNZbAESGVa7nkztFH8gvtJ6622WKwUqMNpZr5,5.135.124.18,3.0.12,FR,France,False
2025-12-07T01:49:55.158753,A3cAkqLq27MTmNpedB4L5gQcAVhX2mghf4WhPZDpbALY,185.19.216.113,3.0.11,DE,Germany,False
2025-12-07T01:49:55.158756,4JcwxAxoFfdzQNEky3YtDgN8AZvLYDqnhUbnznR1V9p7,208.91.110.158,3.0.11,US,United States,False
2025-12-07T01:49:55.158758,13n4RyTjKdZC2NM6PgSxfnsiH8PQrEVUHQ795QphLSLV,64.130.44.46,3.0.7,JP,Japan,False
2025-12-07T01:49:55.158760,ByiSccsreouVi8GGeA6yJu1sEtSFmZX8H2cdBexGy7us,208.91.111.249,3.0.10,US,United States,False
2025-12-07T01:49:55.158762,Hmz8NhvUNpAUaRj5egvH8J4XhA9aGs9S2vmRiHH6MEqg,45.134.108.159,3.0.6,DE,Germany,False
2025-12-07T01:49:55.158766,EA4bcvWuBQxYf3HSYn5oiu6cqvNJNAksjYsHLrNjxWzX,15.235.67.254,3.0.8,CA,Canada,False
2025-12-07T01:49:55.158768,A4VNSZQaPW7zDbvCGdq3YJFNtjNm2wn1HdcvpzaovsWA,155.138.213.71,3.0.11,US,United States,False
2025-12-07T01:49:55.158770,A4RbCs798mW7Mn79wPGocLML3woqy5MxaKt5jZqhKycX,88.211.250.180,3.0.6,GB,United Kingdom,False
2025-12-07T01:49:55.158772,AAoBorcRXePSqj4YuJ9i1ZMkGDsQrt8EkaWXwHDYiJan,46.110.44.86,3.0.12,US,United States,False
2025-12-07T01:49:55.158774,9q16BB7WGmBxf1nJTdxH5zPnBUhtHqdqXqRFjSjuM4k7,5.199.172.136,3.0.11,LT,Lithuania,False
2025-12-07T01:49:55.158777,2kwh7v4eSRy2ERyR6dAYonrGpDEhUpcWvKwPtoNqe1m3,40.160.13.140,3.0.6,US,United States,False
2025-12-07T01:49:55.158778,5cNVmZViHvhJ2jie8PAZUgxJCmrRe6BTiZRHhx4k41ko,15.204.108.7,3.0.12,US,United States,False
2025-12-07T01:49:55.158781,REA1zKzM5WjDEcpB27Zx2Rk16foNPtLGTETy93LLgNw,23.109.172.180,3.0.11,NL,The Netherlands,False
2025-12-07T01:49:55.158783,34ph6c8UGKB13kmURSBrvshgdoLSXiN4Jjth8uuMM7PD,88.99.51.180,3.1.0,DE,Germany,False
2025-12-07T01:49:55.158785,8WofuNZEdzJFhF4axAL3oamPz3CH8wpgqJ47PjEzgyJt,57.128.187.6,3.0.10,GB,United Kingdom,False
2025-12-07T01:49:55.158787,CQRdJUwgkAErG4ymbpSKUcMjraxFSomnA7EVcgkighhX,185.6.13.221,3.0.10,NL,The Netherlands,False
2025-12-07T01:49:55.158789,FAu3CVUgkGvTFijUydfQGsa5no4m3W31y55qMuoP7e7J,107.182.162.226,3.0.11,US,United States,False
2025-12-07T01:49:55.158791,FvxMgE6cSuB3HH9JMhjhYSgEQLSUsdV2AW1nNVsnkBPK,64.130.47.75,3.0.11,DE,Germany,False
2025-12-07T01:49:55.158797,BTd6D5817R2YYVazRxPyqGo5gfk65rq9NwkqkUKAAbX9,67.213.113.143,3.0.6,DE,Germany,False
2025-12-07T01:49:55.158799,FBXmHuwibZCtfp67Dnt4VM8gc5aSxN4cQ3NQNSmyiTh4,138.68.166.135,4.0.0,GB,United Kingdom,False
2025-12-07T01:49:55.158802,BoNKmNCGvoHS4CkKvYRnF21iEpUP827pZjhFGdA4t5as,66.165.246.46,0.804.30008,US,United States,False
2025-12-07T01:49:55.158804,4f97ayxHvUJn1FaUBHASzvYhPB7nS7n4EzXKt2QVNVq9,64.130.42.72,3.0.6,NL,Netherlands,False
2025-12-07T01:49:55.158806,FSDsAkNCisdo8Dwa4cYbxspKiehsn9VS6HUb2FpBUaja,57.129.88.69,3.0.10,DE,Germany,False
2025-12-07T01:49:55.158808,4w3Pz7xojbpzzHM2PErX3gzEQEDfeJMK6q57JE6bo158,51.81.25.226,3.0.12,US,United States,False
2025-12-07T01:49:55.158810,DViARWAWKkxAzp4UCgbw5B9pLSrBY3PaztFErcwgVUKX,91.227.33.5,3.0.11,AT,Austria,False
2025-12-07T01:49:55.158813,CGVM8oh4LhZck5t3SPPZqK5eziMk3QaKyiVS5BsMUJgc,216.128.180.52,3.0.6,CA,Canada,False
2025-12-07T01:49:55.158814,9n1eEtJJfj1535NYfx524QcCG5aHbf5DH7ejqBrFLBwG,18.153.232.132,3.0.11,DE,Germany,False
2025-12-07T01:49:55.158816,DEG7LA3UJSsibYp9KyWamBKzKTGLeUsefacPawicWR5a,104.248.255.214,4.0.0,DE,Germany,False
2025-12-07T01:49:55.158819,icex1C6pnZxznQWiHZZANjGU8nZ8kNquFnjyY7XXrXE,103.109.101.7,3.0.11,HK,Hong Kong,False
2025-12-07T01:49:55.158821,Fr7ha6qpf9MoGsT75XMeVdhozixJdZthhdYCEu81Cwi8,64.130.42.77,3.0.7,NL,Netherlands,False
2025-12-07T01:49:55.158823,C9M48vdG1r3FAihH4pUVVYssn2FcjQawrn9Z8HBTTUoi,185.191.117.246,3.0.9,DE,Germany,False
2025-12-07T01:49:55.158827,ByZZt3FEmXc2zbHZu4xumYYdsCpiYWyV1UW6GUGuN3zH,40.160.33.1,3.0.12,US,United States,False
2025-12-07T01:49:55.158830,BdjN8a4hd1LJUMBCATr4XSZPrwtwuNSr4g85mybC7k37,208.91.110.150,2.3.6,US,United States,False
2025-12-07T01:49:55.158832,sKW58jhhwyXd16phZFfsUfwrNEGDfiERnofzWm6QfKg,5.135.171.254,3.0.12,FR,France,False
2025-12-07T01:49:55.158834,Ee14puhMYLiVvADWdzJ76aozZQNKWkeF7RWF7FqHJo8D,173.231.58.18,3.0.10,US,United States,False
